Date,Time,Weekday,Temperature,Condition,Humidity,Wind_Speed,Holiday,Event,Rainfall,Solar_Generation,low_price,high_price,Average_Price_Rs_Per_Sqft,QoQ_Price_Change_Percent,Load,BRPL,BYPL,NDPL,NDMC,MES
17-01-2026,00-00:01:00,Saturday,10.0,Overcast,89,1.0,1,Weekend,0.0,0.61,2850.5,651902.96,327376.73,4.65,27657.267,,,,,
17-01-2026,01-00:02:00,Saturday,10.0,Overcast,92,0.0,1,Weekend,0.0,0.61,2850.5,651902.96,327376.73,4.65,23436.342,,,,,
17-01-2026,02-00:03:00,Saturday,10.0,Overcast,94,1.0,1,Weekend,0.0,0.61,2850.5,651902.96,327376.73,4.65,22007.792,,,,,
17-01-2026,03-00:04:00,Saturday,10.0,Overcast,93,1.0,1,Weekend,0.0,0.61,2850.5,651902.96,327376.73,4.65,21967.066,,,,,
17-01-2026,04-00:05:00,Saturday,10.56,Overcast,88,1.0,1,Weekend,0.0,0.61,2850.5,651902.96,327376.73,4.65,22199.372,,,,,
17-01-2026,05-00:06:00,Saturday,10.0,Overcast,88,2.0,1,Weekend,0.0,0.61,2850.5,651902.96,327376.73,4.65,26395.134,,,,,
17-01-2026,06-00:07:00,Saturday,9.44,Overcast,91,1.0,1,Weekend,0.0,0.61,2850.5,651902.96,327376.73,4.65,34501.851,,,,,
17-01-2026,07-00:08:00,Saturday,9.44,Overcast,92,1.0,1,Weekend,0.0,0.61,2850.5,651902.96,327376.73,4.65,43224.407,,,,,
17-01-2026,08-00:09:00,Saturday,10.0,Overcast,87,1.0,1,Weekend,0.0,0.61,2850.5,651902.96,327376.73,4.65,50506.638,,,,,
17-01-2026,09-00:10:00,Saturday,12.22,Overcast,73,1.0,1,Weekend,0.0,0.61,2850.5,651902.96,327376.73,4.65,57530.536,,,,,
17-01-2026,10-00:11:00,Saturday,15.0,Overcast,59,2.0,1,Weekend,0.0,0.61,2850.5,651902.96,327376.73,4.65,58535.368,,,,,
17-01-2026,11-00:12:00,Saturday,17.22,Overcast,51,2.0,1,Weekend,0.0,0.61,2850.5,651902.96,327376.73,4.65,57662.321,,,,,
17-01-2026,12-00:13:00,Saturday,18.33,Overcast,46,2.0,1,Weekend,0.0,0.61,2850.5,651902.96,327376.73,4.65,56222.174,,,,,
17-01-2026,13-00:14:00,Saturday,20.0,Overcast,43,1.0,1,Weekend,0.0,0.61,2850.5,651902.96,327376.73,4.65,46576.963,,,,,
17-01-2026,14-00:15:00,Saturday,20.56,Overcast,43,1.0,1,Weekend,0.0,0.61,2850.5,651902.96,327376.73,4.65,44232.296,,,,,
17-01-2026,15-00:16:00,Saturday,20.56,Overcast,44,1.0,1,Weekend,0.0,0.61,2850.5,651902.96,327376.73,4.65,42885.322,,,,,
17-01-2026,16-00:17:00,Saturday,19.44,Overcast,47,1.0,1,Weekend,0.0,0.61,2850.5,651902.96,327376.73,4.65,42878.944,,,,,
17-01-2026,17-00:18:00,Saturday,18.33,Overcast,52,0.0,1,Weekend,0.0,0.61,2850.5,651902.96,327376.73,4.65,43560.931,,,,,
17-01-2026,18-00:19:00,Saturday,15.0,Overcast,66,1.0,1,Weekend,0.0,0.61,2850.5,651902.96,327376.73,4.65,45210.156,,,,,
17-01-2026,19-00:20:00,Saturday,13.89,Overcast,74,2.0,1,Weekend,0.0,0.61,2850.5,651902.96,327376.73,4.65,45130.086,,,,,
17-01-2026,20-00:21:00,Saturday,13.89,Overcast,77,2.0,1,Weekend,0.0,0.61,2850.5,651902.96,327376.73,4.65,43848.962,,,,,
17-01-2026,21-00:22:00,Saturday,13.33,Overcast,82,2.0,1,Weekend,0.0,0.61,2850.5,651902.96,327376.73,4.65,41891.712,,,,,
17-01-2026,22-00:23:00,Saturday,12.78,Overcast,87,2.0,1,Weekend,0.0,0.61,2850.5,651902.96,327376.73,4.65,32176.374,,,,,
17-01-2026,23-00:00:00,Saturday,12.22,Overcast,89,2.0,1,Weekend,0.0,0.61,2850.5,651902.96,327376.73,4.65,20002.833,,,,,
18-01-2026,00-00:01:00,Sunday,11.67,Cloudy,91,3.0,1,Weekend,0.0,0.61,2850.5,651902.96,327376.73,4.65,27299.382,,,,,
18-01-2026,01-00:02:00,Sunday,11.67,Broken clouds,91,3.0,1,Weekend,0.0,0.61,2850.5,651902.96,327376.73,4.65,23062.814,,,,,
18-01-2026,02-00:03:00,Sunday,11.11,Partly cloudy,92,3.0,1,Weekend,0.0,0.61,2850.5,651902.96,327376.73,4.65,21738.706,,,,,
18-01-2026,03-00:04:00,Sunday,10.56,Scattered clouds,93,3.0,1,Weekend,0.0,0.61,2850.5,651902.96,327376.73,4.65,21705.683,,,,,
18-01-2026,04-00:05:00,Sunday,10.56,Scattered clouds,93,3.0,1,Weekend,0.0,0.61,2850.5,651902.96,327376.73,4.65,21884.862,,,,,
18-01-2026,05-00:06:00,Sunday,10.0,Mostly clear,94,3.0,1,Weekend,0.0,0.61,2850.5,651902.96,327376.73,4.65,24136.687,,,,,
18-01-2026,06-00:07:00,Sunday,10.0,Clear,96,3.0,1,Weekend,0.0,0.61,2850.5,651902.96,327376.73,4.65,30570.281,,,,,
18-01-2026,07-00:08:00,Sunday,9.44,Sunny,98,3.0,1,Weekend,0.0,0.61,2850.5,651902.96,327376.73,4.65,39471.014,,,,,
18-01-2026,08-00:09:00,Sunday,10.56,Sunny,97,3.0,1,Weekend,0.0,0.61,2850.5,651902.96,327376.73,4.65,49376.349,,,,,
18-01-2026,09-00:10:00,Sunday,12.78,Sunny,85,3.0,1,Weekend,0.0,0.61,2850.5,651902.96,327376.73,4.65,57513.227,,,,,
18-01-2026,10-00:11:00,Sunday,15.56,Sunny,72,4.0,1,Weekend,0.0,0.61,2850.5,651902.96,327376.73,4.65,58164.274,,,,,
18-01-2026,11-00:12:00,Sunday,17.78,Sunny,65,4.0,1,Weekend,0.0,0.61,2850.5,651902.96,327376.73,4.65,57652.366,,,,,
18-01-2026,12-00:13:00,Sunday,20.0,Sunny,58,4.0,1,Weekend,0.0,0.61,2850.5,651902.96,327376.73,4.65,54384.868,,,,,
18-01-2026,13-00:14:00,Sunday,21.11,Sunny,54,3.0,1,Weekend,0.0,0.61,2850.5,651902.96,327376.73,4.65,45252.74,,,,,
18-01-2026,14-00:15:00,Sunday,21.67,Sunny,53,3.0,1,Weekend,0.0,0.61,2850.5,651902.96,327376.73,4.65,43222.506,,,,,
18-01-2026,15-00:16:00,Sunday,22.22,Sunny,52,2.0,1,Weekend,0.0,0.61,2850.5,651902.96,327376.73,4.65,42475.365,,,,,
18-01-2026,16-00:17:00,Sunday,21.67,Sunny,53,2.0,1,Weekend,0.0,0.61,2850.5,651902.96,327376.73,4.65,42143.45,,,,,
18-01-2026,17-00:18:00,Sunday,20.0,Sunny,58,2.0,1,Weekend,0.0,0.61,2850.5,651902.96,327376.73,4.65,43072.241,,,,,
18-01-2026,18-00:19:00,Sunday,18.33,Clear,66,3.0,1,Weekend,0.0,0.61,2850.5,651902.96,327376.73,4.65,43469.913,,,,,
18-01-2026,19-00:20:00,Sunday,17.78,Scattered clouds,69,3.0,1,Weekend,0.0,0.61,2850.5,651902.96,327376.73,4.65,44190.251,,,,,
18-01-2026,20-00:21:00,Sunday,16.67,Partly cloudy,73,3.0,1,Weekend,0.0,0.61,2850.5,651902.96,327376.73,4.65,43005.161,,,,,
18-01-2026,21-00:22:00,Sunday,16.11,Partly cloudy,76,3.0,1,Weekend,0.0,0.61,2850.5,651902.96,327376.73,4.65,40601.527,,,,,
18-01-2026,22-00:23:00,Sunday,15.0,Broken clouds,81,3.0,1,Weekend,0.0,0.61,2850.5,651902.96,327376.73,4.65,30153.834,,,,,
18-01-2026,23-00:00:00,Sunday,14.44,Mostly cloudy,83,3.0,1,Weekend,0.0,0.61,2850.5,651902.96,327376.73,4.65,19665.765,,,,,
19-01-2026,00-00:01:00,Monday,13.89,Mostly cloudy,84,3.0,0,No,0.0,0.61,2850.5,651902.96,327376.73,4.65,26686.16,,,,,
19-01-2026,01-00:02:00,Monday,13.33,Cloudy,85,3.0,0,No,0.0,0.61,2850.5,651902.96,327376.73,4.65,22757.398,,,,,
19-01-2026,02-00:03:00,Monday,13.33,Overcast,85,3.0,0,No,0.0,0.61,2850.5,651902.96,327376.73,4.65,21535.468,,,,,
19-01-2026,03-00:04:00,Monday,12.78,Overcast,84,3.0,0,No,0.0,0.61,2850.5,651902.96,327376.73,4.65,21512.623,,,,,
19-01-2026,04-00:05:00,Monday,12.78,Cloudy,82,3.0,0,No,0.0,0.61,2850.5,651902.96,327376.73,4.65,21757.185,,,,,
19-01-2026,05-00:06:00,Monday,12.22,Mostly cloudy,81,4.0,0,No,0.0,0.61,2850.5,651902.96,327376.73,4.65,26819.276,,,,,
19-01-2026,06-00:07:00,Monday,11.67,Partly cloudy,82,3.0,0,No,0.0,0.61,2850.5,651902.96,327376.73,4.65,37403.304,,,,,
19-01-2026,07-00:08:00,Monday,11.67,Sunny,80,3.0,0,No,0.0,0.61,2850.5,651902.96,327376.73,4.65,50036.531,,,,,
19-01-2026,08-00:09:00,Monday,13.33,Sunny,76,2.0,0,No,0.0,0.61,2850.5,651902.96,327376.73,4.65,54691.471,,,,,
19-01-2026,09-00:10:00,Monday,15.56,Sunny,68,2.0,0,No,0.0,0.61,2850.5,651902.96,327376.73,4.65,59131.369,,,,,
19-01-2026,10-00:11:00,Monday,18.89,Sunny,61,1.0,0,No,0.0,0.61,2850.5,651902.96,327376.73,4.65,58408.294,,,,,
19-01-2026,11-00:12:00,Monday,21.11,Sunny,55,1.0,0,No,0.0,0.61,2850.5,651902.96,327376.73,4.65,55331.119,,,,,
19-01-2026,12-00:13:00,Monday,22.22,Sunny,51,0.0,0,No,0.0,0.61,2850.5,651902.96,327376.73,4.65,51933.445,,,,,
19-01-2026,13-00:14:00,Monday,23.33,Sunny,47,1.0,0,No,0.0,0.61,2850.5,651902.96,327376.73,4.65,44741.704,,,,,
19-01-2026,14-00:15:00,Monday,23.89,Sunny,45,2.0,0,No,0.0,0.61,2850.5,651902.96,327376.73,4.65,43921.622,,,,,
19-01-2026,15-00:16:00,Monday,23.89,Sunny,44,3.0,0,No,0.0,0.61,2850.5,651902.96,327376.73,4.65,43718.309,,,,,
19-01-2026,16-00:17:00,Monday,23.33,Sunny,45,3.0,0,No,0.0,0.61,2850.5,651902.96,327376.73,4.65,43952.286,,,,,
19-01-2026,17-00:18:00,Monday,21.11,Sunny,50,3.0,0,No,0.0,0.61,2850.5,651902.96,327376.73,4.65,45058.796,,,,,
19-01-2026,18-00:19:00,Monday,19.44,Clear,58,3.0,0,No,0.0,0.61,2850.5,651902.96,327376.73,4.65,45934.467,,,,,
19-01-2026,19-00:20:00,Monday,18.33,Clear,65,3.0,0,No,0.0,0.61,2850.5,651902.96,327376.73,4.65,45221.968,,,,,
19-01-2026,20-00:21:00,Monday,17.78,Clear,70,4.0,0,No,0.0,0.61,2850.5,651902.96,327376.73,4.65,43827.075,,,,,
19-01-2026,21-00:22:00,Monday,16.67,Clear,75,4.0,0,No,0.0,0.61,2850.5,651902.96,327376.73,4.65,40802.103,,,,,
19-01-2026,22-00:23:00,Monday,15.56,Clear,82,4.0,0,No,0.0,0.61,2850.5,651902.96,327376.73,4.65,30018.208,,,,,
19-01-2026,23-00:00:00,Monday,14.44,Clear,85,5.0,0,No,0.0,0.61,2850.5,651902.96,327376.73,4.65,19802.252,,,,,
20-01-2026,00-00:01:00,Tuesday,14.44,Clear,87,4.0,0,No,0.0,0.61,2850.5,651902.96,327376.73,4.65,26838.207,,,,,
20-01-2026,01-00:02:00,Tuesday,13.89,Clear,88,4.0,0,No,0.0,0.61,2850.5,651902.96,327376.73,4.65,22921.066,,,,,
20-01-2026,02-00:03:00,Tuesday,13.33,Clear,88,4.0,0,No,0.0,0.61,2850.5,651902.96,327376.73,4.65,21721.117,,,,,
20-01-2026,03-00:04:00,Tuesday,12.78,Clear,89,4.0,0,No,0.0,0.61,2850.5,651902.96,327376.73,4.65,21703.221,,,,,
20-01-2026,04-00:05:00,Tuesday,12.78,Clear,88,4.0,0,No,0.0,0.61,2850.5,651902.96,327376.73,4.65,21931.957,,,,,
20-01-2026,05-00:06:00,Tuesday,12.22,Clear,88,4.0,0,No,0.0,0.61,2850.5,651902.96,327376.73,4.65,27042.993,,,,,
20-01-2026,06-00:07:00,Tuesday,11.67,Clear,88,3.0,0,No,0.0,0.61,2850.5,651902.96,327376.73,4.65,37107.042,,,,,
20-01-2026,07-00:08:00,Tuesday,12.22,Sunny,87,2.0,0,No,0.0,0.61,2850.5,651902.96,327376.73,4.65,50024.368,,,,,
20-01-2026,08-00:09:00,Tuesday,13.33,Sunny,86,2.0,0,No,0.0,0.61,2850.5,651902.96,327376.73,4.65,54613.273,,,,,
20-01-2026,09-00:10:00,Tuesday,15.56,Sunny,74,2.0,0,No,0.0,0.61,2850.5,651902.96,327376.73,4.65,58683.783,,,,,
20-01-2026,10-00:11:00,Tuesday,18.33,Mostly sunny,62,2.0,0,No,0.0,0.61,2850.5,651902.96,327376.73,4.65,58751.72,,,,,
20-01-2026,11-00:12:00,Tuesday,20.56,Scattered clouds,53,3.0,0,No,0.0,0.61,2850.5,651902.96,327376.73,4.65,55278.853,,,,,
20-01-2026,12-00:13:00,Tuesday,22.22,Mostly sunny,46,3.0,0,No,0.0,0.61,2850.5,651902.96,327376.73,4.65,51709.946,,,,,
20-01-2026,13-00:14:00,Tuesday,22.78,Sunny,41,4.0,0,No,0.0,0.61,2850.5,651902.96,327376.73,4.65,45153.054,,,,,
20-01-2026,14-00:15:00,Tuesday,23.33,Sunny,39,4.0,0,No,0.0,0.61,2850.5,651902.96,327376.73,4.65,44013.321,,,,,
20-01-2026,15-00:16:00,Tuesday,23.89,Sunny,39,4.0,0,No,0.0,0.61,2850.5,651902.96,327376.73,4.65,43503.395,,,,,
20-01-2026,16-00:17:00,Tuesday,22.78,Sunny,43,4.0,0,No,0.0,0.61,2850.5,651902.96,327376.73,4.65,43720.457,,,,,
20-01-2026,17-00:18:00,Tuesday,21.11,Sunny,50,5.0,0,No,0.0,0.61,2850.5,651902.96,327376.73,4.65,44686.514,,,,,
20-01-2026,18-00:19:00,Tuesday,19.44,Clear,56,4.0,0,No,0.0,0.61,2850.5,651902.96,327376.73,4.65,45606.82,,,,,
20-01-2026,19-00:20:00,Tuesday,18.33,Clear,62,4.0,0,No,0.0,0.61,2850.5,651902.96,327376.73,4.65,45066.815,,,,,
20-01-2026,20-00:21:00,Tuesday,17.22,Clear,67,5.0,0,No,0.0,0.61,2850.5,651902.96,327376.73,4.65,43494.292,,,,,
20-01-2026,21-00:22:00,Tuesday,16.11,Clear,72,4.0,0,No,0.0,0.61,2850.5,651902.96,327376.73,4.65,40276.34,,,,,
20-01-2026,22-00:23:00,Tuesday,14.44,Clear,78,3.0,0,No,0.0,0.61,2850.5,651902.96,327376.73,4.65,30593.323,,,,,
20-01-2026,23-00:00:00,Tuesday,13.89,Clear,81,2.0,0,No,0.0,0.61,2850.5,651902.96,327376.73,4.65,19644.916,,,,,
21-01-2026,00-00:01:00,Wednesday,13.33,Clear,82,3.0,0,No,0.0,0.61,2850.5,651902.96,327376.73,4.65,26762.77,,,,,
21-01-2026,01-00:02:00,Wednesday,13.33,Clear,82,3.0,0,No,0.0,0.61,2850.5,651902.96,327376.73,4.65,22927.642,,,,,
21-01-2026,02-00:03:00,Wednesday,12.78,Clear,83,4.0,0,No,0.0,0.61,2850.5,651902.96,327376.73,4.65,21778.19,,,,,
21-01-2026,03-00:04:00,Wednesday,12.22,Clear,83,4.0,0,No,0.0,0.61,2850.5,651902.96,327376.73,4.65,21758.179,,,,,
21-01-2026,04-00:05:00,Wednesday,11.67,Clear,83,4.0,0,No,0.0,0.61,2850.5,651902.96,327376.73,4.65,22046.123,,,,,
21-01-2026,05-00:06:00,Wednesday,11.67,Clear,82,4.0,0,No,0.0,0.61,2850.5,651902.96,327376.73,4.65,27124.725,,,,,
21-01-2026,06-00:07:00,Wednesday,11.11,Clear,83,3.0,0,No,0.0,0.61,2850.5,651902.96,327376.73,4.65,38037.71,,,,,
21-01-2026,07-00:08:00,Wednesday,11.67,Sunny,80,3.0,0,No,0.0,0.61,2850.5,651902.96,327376.73,4.65,49964.874,,,,,
21-01-2026,08-00:09:00,Wednesday,12.78,Sunny,74,3.0,0,No,0.0,0.61,2850.5,651902.96,327376.73,4.65,54395.795,,,,,
21-01-2026,09-00:10:00,Wednesday,15.56,Sunny,61,3.0,0,No,0.0,0.61,2850.5,651902.96,327376.73,4.65,57801.896,,,,,
21-01-2026,10-00:11:00,Wednesday,18.33,Sunny,49,3.0,0,No,0.0,0.61,2850.5,651902.96,327376.73,4.65,57738.892,,,,,
21-01-2026,11-00:12:00,Wednesday,20.56,Sunny,41,4.0,0,No,0.0,0.61,2850.5,651902.96,327376.73,4.65,54327.05,,,,,
21-01-2026,12-00:13:00,Wednesday,21.67,Sunny,38,4.0,0,No,0.0,0.61,2850.5,651902.96,327376.73,4.65,51870.376,,,,,
21-01-2026,13-00:14:00,Wednesday,22.78,Sunny,36,5.0,0,No,0.0,0.61,2850.5,651902.96,327376.73,4.65,44504.641,,,,,
21-01-2026,14-00:15:00,Wednesday,23.33,Sunny,35,6.0,0,No,0.0,0.61,2850.5,651902.96,327376.73,4.65,43102.716,,,,,
21-01-2026,15-00:16:00,Wednesday,23.33,Sunny,37,5.0,0,No,0.0,0.61,2850.5,651902.96,327376.73,4.65,42902.171,,,,,
21-01-2026,16-00:17:00,Wednesday,22.22,Sunny,42,5.0,0,No,0.0,0.61,2850.5,651902.96,327376.73,4.65,43005.116,,,,,
21-01-2026,17-00:18:00,Wednesday,20.56,Sunny,50,5.0,0,No,0.0,0.61,2850.5,651902.96,327376.73,4.65,43834.497,,,,,
21-01-2026,18-00:19:00,Wednesday,18.89,Clear,61,4.0,0,No,0.0,0.61,2850.5,651902.96,327376.73,4.65,44940.794,,,,,
21-01-2026,19-00:20:00,Wednesday,17.78,Clear,67,4.0,0,No,0.0,0.61,2850.5,651902.96,327376.73,4.65,44675.533,,,,,
21-01-2026,20-00:21:00,Wednesday,17.22,Clear,72,4.0,0,No,0.0,0.61,2850.5,651902.96,327376.73,4.65,43156.533,,,,,
21-01-2026,21-00:22:00,Wednesday,16.11,Clear,75,3.0,0,No,0.0,0.61,2850.5,651902.96,327376.73,4.65,38782.666,,,,,
21-01-2026,22-00:23:00,Wednesday,14.44,Clear,79,2.0,0,No,0.0,0.61,2850.5,651902.96,327376.73,4.65,31203.456,,,,,
21-01-2026,23-00:00:00,Wednesday,13.33,Clear,81,2.0,0,No,0.0,0.61,2850.5,651902.96,327376.73,4.65,19752.381,,,,,
22-01-2026,00-00:01:00,Thursday,12.78,Clear,82,2.0,0,No,0.0,0.61,2850.5,651902.96,327376.73,4.65,26638.007,,,,,
22-01-2026,01-00:02:00,Thursday,12.78,Clear,80,3.0,0,No,0.0,0.61,2850.5,651902.96,327376.73,4.65,22869.596,,,,,
22-01-2026,02-00:03:00,Thursday,12.78,Clear,79,4.0,0,No,0.0,0.61,2850.5,651902.96,327376.73,4.65,21749.735,,,,,
22-01-2026,03-00:04:00,Thursday,12.22,Clear,80,4.0,0,No,0.0,0.61,2850.5,651902.96,327376.73,4.65,21725.002,,,,,
22-01-2026,04-00:05:00,Thursday,11.67,Clear,81,4.0,0,No,0.0,0.61,2850.5,651902.96,327376.73,4.65,22005.891,,,,,
22-01-2026,05-00:06:00,Thursday,11.67,Clear,82,4.0,0,No,0.0,0.61,2850.5,651902.96,327376.73,4.65,27139.46,,,,,
22-01-2026,06-00:07:00,Thursday,11.11,Clear,84,3.0,0,No,0.0,0.61,2850.5,651902.96,327376.73,4.65,37935.664,,,,,
22-01-2026,07-00:08:00,Thursday,11.67,Sunny,82,3.0,0,No,0.0,0.61,2850.5,651902.96,327376.73,4.65,49863.025,,,,,
22-01-2026,08-00:09:00,Thursday,13.33,Sunny,77,2.0,0,No,0.0,0.61,2850.5,651902.96,327376.73,4.65,54408.81,,,,,
22-01-2026,09-00:10:00,Thursday,16.11,Sunny,66,3.0,0,No,0.0,0.61,2850.5,651902.96,327376.73,4.65,57703.129,,,,,
22-01-2026,10-00:11:00,Thursday,18.89,Sunny,55,4.0,0,No,0.0,0.61,2850.5,651902.96,327376.73,4.65,57466.273,,,,,
22-01-2026,11-00:12:00,Thursday,21.67,Sunny,48,5.0,0,No,0.0,0.61,2850.5,651902.96,327376.73,4.65,54390.465,,,,,
22-01-2026,12-00:13:00,Thursday,22.78,Sunny,46,6.0,0,No,0.0,0.61,2850.5,651902.96,327376.73,4.65,50956.576,,,,,
22-01-2026,13-00:14:00,Thursday,23.89,Sunny,44,7.0,0,No,0.0,0.61,2850.5,651902.96,327376.73,4.65,43232.612,,,,,
22-01-2026,14-00:15:00,Thursday,24.44,Mostly sunny,45,8.0,0,No,0.0,0.61,2850.5,651902.96,327376.73,4.65,41639.583,,,,,
22-01-2026,15-00:16:00,Thursday,23.89,Scattered clouds,46,7.0,0,No,0.0,0.61,2850.5,651902.96,327376.73,4.65,42699.056,,,,,
22-01-2026,16-00:17:00,Thursday,23.33,Broken clouds,51,7.0,0,No,0.0,0.61,2850.5,651902.96,327376.73,4.65,42768.56,,,,,
22-01-2026,17-00:18:00,Thursday,22.22,Overcast,57,7.0,0,No,0.0,0.61,2850.5,651902.96,327376.73,4.65,43961.254,,,,,
22-01-2026,18-00:19:00,Thursday,20.56,Overcast,64,6.0,0,No,0.0,0.61,2850.5,651902.96,327376.73,4.65,44351.873,,,,,
22-01-2026,19-00:20:00,Thursday,19.44,Cloudy,69,6.0,0,No,0.0,0.61,2850.5,651902.96,327376.73,4.65,44480.606,,,,,
22-01-2026,20-00:21:00,Thursday,18.89,Cloudy,72,6.0,0,No,0.0,0.61,2850.5,651902.96,327376.73,4.65,42774.872,,,,,
22-01-2026,21-00:22:00,Thursday,17.78,Cloudy,76,7.0,0,No,0.0,0.61,2850.5,651902.96,327376.73,4.65,39097.113,,,,,
22-01-2026,22-00:23:00,Thursday,16.67,Overcast,80,7.0,0,No,0.0,0.61,2850.5,651902.96,327376.73,4.65,30181.869,,,,,
22-01-2026,23-00:00:00,Thursday,16.67,Overcast,82,8.0,0,No,0.0,0.61,2850.5,651902.96,327376.73,4.65,19216.671,,,,,
23-01-2026,00-00:01:00,Friday,16.11,Overcast,82,9.0,0,Vasant Panchami,0.0,0.61,2850.5,651902.96,327376.73,4.65,26576.457,,,,,
23-01-2026,01-00:02:00,Friday,15.0,Overcast,81,10.0,0,Vasant Panchami,0.0,0.61,2850.5,651902.96,327376.73,4.65,22747.144,,,,,
23-01-2026,02-00:03:00,Friday,14.44,Overcast,79,11.0,0,Vasant Panchami,0.0,0.61,2850.5,651902.96,327376.73,4.65,21723.811,,,,,
23-01-2026,03-00:04:00,Friday,14.44,Overcast,79,10.0,0,Vasant Panchami,0.0,0.61,2850.5,651902.96,327376.73,4.65,21728.006,,,,,
23-01-2026,04-00:05:00,Friday,13.89,Overcast,79,9.0,0,Vasant Panchami,0.0,0.61,2850.5,651902.96,327376.73,4.65,22022.434,,,,,
23-01-2026,05-00:06:00,Friday,13.33,Overcast,78,9.0,0,Vasant Panchami,0.0,0.61,2850.5,651902.96,327376.73,4.65,27105.389,,,,,
23-01-2026,06-00:07:00,Friday,12.78,Overcast,78,9.0,0,Vasant Panchami,0.0,0.61,2850.5,651902.96,327376.73,4.65,36325.091,,,,,
23-01-2026,07-00:08:00,Friday,13.33,Overcast,74,9.0,0,Vasant Panchami,0.0,0.61,2850.5,651902.96,327376.73,4.65,48968.906,,,,,
23-01-2026,08-00:09:00,Friday,14.44,Overcast,71,10.0,0,Vasant Panchami,0.0,0.61,2850.5,651902.96,327376.73,4.65,53525.331,,,,,
23-01-2026,09-00:10:00,Friday,16.67,Mostly cloudy,64,12.0,0,Vasant Panchami,0.0,0.61,2850.5,651902.96,327376.73,4.65,57334.039,,,,,
23-01-2026,10-00:11:00,Friday,18.89,Partly cloudy,57,14.0,0,Vasant Panchami,0.0,0.61,2850.5,651902.96,327376.73,4.65,57141.773,,,,,
23-01-2026,11-00:12:00,Friday,20.56,Partly cloudy,52,16.0,0,Vasant Panchami,0.0,0.61,2850.5,651902.96,327376.73,4.65,54379.754,,,,,
23-01-2026,12-00:13:00,Friday,21.67,Mostly cloudy,48,16.0,0,Vasant Panchami,0.0,0.61,2850.5,651902.96,327376.73,4.65,51821.804,,,,,
23-01-2026,13-00:14:00,Friday,22.22,Cloudy,46,16.0,0,Vasant Panchami,0.0,0.61,2850.5,651902.96,327376.73,4.65,44441.831,,,,,
23-01-2026,14-00:15:00,Friday,22.22,Overcast,45,16.0,0,Vasant Panchami,0.0,0.61,2850.5,651902.96,327376.73,4.65,43162.866,,,,,
23-01-2026,15-00:16:00,Friday,22.78,Overcast,46,16.0,0,Vasant Panchami,0.0,0.61,2850.5,651902.96,327376.73,4.65,42660.937,,,,,
23-01-2026,16-00:17:00,Friday,22.22,Overcast,50,16.0,0,Vasant Panchami,0.0,0.61,2850.5,651902.96,327376.73,4.65,42658.384,,,,,
